"SV_TAXONOMY","TAXONOMY_NAME","RG_REFERENCE","RG_NAME","SV_REFERENCE","SV_NAME","SV_DESCRIPTION","SL_REFERENCE","LC_REFERENCE","PHONE_NUMBER","WEBSITE","EMAIL_ADDRESS","WHEELCHAIR_ACCESSIBLE","LANGUAGE","HOURS","STREET_NUMBER","STREET_NAME","STREET_TYPE","STREET_DIRECTION","CITY","PROVINCE","POSTAL_CODE","LATITUDE","LONGITUDE","811_LINK"
"LD-1700","Emergency Room Care","17643939","BC Children's Hospital","17643949","Emergency Health Services","Provides emergency medical care for children up to 16 years of age with acute medical, surgical and mental health illnesses or injuries.","52920600","52920595","","http://www.bcchildrens.ca/our-services/hospital-services/emergency-services",,"Y","Translation services available","24 hours a day, 7 days a week","880 West 28th Avenue","","","","Vancouver","BC","V5Z 4H4","49.245569","-123.123782","http://www.healthlinkbc.ca/find/resource.asp?First=1&org=53965&agencynum=17643949&SiteResourceAgencyNum=52920595"
"LD-1700","Emergency Room Care","17644351","Fraser Health Authority","17645045","Emergency Health Services","Provides 24-hour emergency services for patients arriving at the hospital in need of immediate care because of a health crisis or urgent medical condition. Patients are seen by a doctor on a priority basis based on the severity of the patient's condition upon arrival. Wait times can vary depending on time, location and level of need.","17645046","17644367","","https://www.fraserhealth.ca/patients-and-visitors/when-to-use-the-emergency/",,"Y",,"24 hours a day, 7 days a week","32900 Marshall Road","","","","Abbotsford","BC","V2S 0C2","49.038152","-122.313003","http://www.healthlinkbc.ca/find/resource.asp?First=1&org=53965&agencynum=17645045&SiteResourceAgencyNum=17644367"
"LD-1700","Emergency Room Care","17644351","Fraser Health Authority","17645045","Emergency Health Services","Provides 24-hour emergency services for patients arriving at the hospital in need of immediate care because of a health crisis or urgent medical condition. Patients are seen by a doctor on a priority basis based on the severity of the patient's condition upon arrival. Wait times can vary depending on time, location and level of need.","17645047","17644365","","https://www.fraserhealth.ca/patients-and-visitors/when-to-use-the-emergency/",,"Y",,"24 hours a day, 7 days a week","13750 96th Avenue","","","","Surrey","BC","V3V 1Z2","49.177003","-122.842316","http://www.healthlinkbc.ca/find/resource.asp?First=1&org=53965&agencynum=17645045&SiteResourceAgencyNum=17644365"
"LD-1700","Emergency Room Care","17644351","Fraser Health Authority","17645045","Emergency Health Services","Provides 24-hour emergency services for patients arriving at the hospital in need of immediate care because of a health crisis or urgent medical condition. Patients are seen by a doctor on a priority basis based on the severity of the patient's condition upon arrival. Wait times can vary depending on time, location and level of need.","17645048","17644355","","https://www.fraserhealth.ca/patients-and-visitors/when-to-use-the-emergency/",,"Y",,"24 hours a day, 7 days a week","45600 Menholm Road","","","","Chilliwack","BC","V2P 1P7","49.165763","-121.962422","http://www.healthlinkbc.ca/find/resource.asp?First=1&org=53965&agencynum=17645045&SiteResourceAgencyNum=17644355"
"LD-1700","Emergency Room Care","17644351","Fraser Health Authority","17645045","Emergency Health Services","Provides 24-hour emergency services for patients arriving at the hospital in need of immediate care because of a health crisis or urgent medical condition. Patients are seen by a doctor on a priority basis based on the severity of the patient's condition upon arrival. Wait times can vary depending on time, location and level of need.","17645049","17644442","","https://www.fraserhealth.ca/patients-and-visitors/when-to-use-the-emergency/",,"Y",,"24 hours a day, 7 days a week","1275 7th Avenue","","","","Hope","BC","V0X 1L4","49.376899","-121.424345","http://www.healthlinkbc.ca/find/resource.asp?First=1&org=53965&agencynum=17645045&SiteResourceAgencyNum=17644442"
"LD-1700","Emergency Room Care","17644351","Fraser Health Authority","17645045","Emergency Health Services","Provides 24-hour emergency services for patients arriving at the hospital in need of immediate care because of a health crisis or urgent medical condition. Patients are seen by a doctor on a priority basis based on the severity of the patient's condition upon arrival. Wait times can vary depending on time, location and level of need.","17645050","17644429","","https://www.fraserhealth.ca/patients-and-visitors/when-to-use-the-emergency/",,"Y",,"24 hours a day, 7 days a week","22051 Fraser Highway","","","","Langley","BC","V4H 4H4","49.093175","-122.613957","http://www.healthlinkbc.ca/find/resource.asp?First=1&org=53965&agencynum=17645045&SiteResourceAgencyNum=17644429"
"LD-1700","Emergency Room Care","17644351","Fraser Health Authority","17645045","Emergency Health Services","Provides 24-hour emergency services for patients arriving at the hospital in need of immediate care because of a health crisis or urgent medical condition. Patients are seen by a doctor on a priority basis based on the severity of the patient's condition upon arrival. Wait times can vary depending on time, location and level of need.","17645051","17644363","","https://www.fraserhealth.ca/patients-and-visitors/when-to-use-the-emergency/",,"Y",,"24 hours a day, 7 days a week","11666 Laity Street","","","","Maple Ridge","BC","V2X 7G5","49.214787","-122.631951","http://www.healthlinkbc.ca/find/resource.asp?First=1&org=53965&agencynum=17645045&SiteResourceAgencyNum=17644363"
"LD-1700","Emergency Room Care","17644351","Fraser Health Authority","17645045","Emergency Health Services","Provides 24-hour emergency services for patients arriving at the hospital in need of immediate care because of a health crisis or urgent medical condition. Patients are seen by a doctor on a priority basis based on the severity of the patient's condition upon arrival. Wait times can vary depending on time, location and level of need.","17645052","17644420","","https://www.fraserhealth.ca/patients-and-visitors/when-to-use-the-emergency/",,"Y",,"24 hours a day, 7 days a week","330 E Columbia Street","","","","New Westminster","BC","V3L 3W7","49.226790","-122.892844","http://www.healthlinkbc.ca/find/resource.asp?First=1&org=53965&agencynum=17645045&SiteResourceAgencyNum=17644420"
"LD-1700","Emergency Room Care","17644351","Fraser Health Authority","17645045","Emergency Health Services","Provides 24-hour emergency services for patients arriving at the hospital in need of immediate care because of a health crisis or urgent medical condition. Patients are seen by a doctor on a priority basis based on the severity of the patient's condition upon arrival. Wait times can vary depending on time, location and level of need.","17645053","17644357","","https://www.fraserhealth.ca/patients-and-visitors/when-to-use-the-emergency/",,"Y",,"24 hours a day, 7 days a week","475 Guildford Way","","","","Port Moody","BC","V3H 3W9","49.283374","-122.823597","http://www.healthlinkbc.ca/find/resource.asp?First=1&org=53965&agencynum=17645045&SiteResourceAgencyNum=17644357"
"LD-1700","Emergency Room Care","17644351","Fraser Health Authority","17645045","Emergency Health Services","Provides 24-hour emergency services for patients arriving at the hospital in need of immediate care because of a health crisis or urgent medical condition. Patients are seen by a doctor on a priority basis based on the severity of the patient's condition upon arrival. Wait times can vary depending on time, location and level of need.","17645054","17644353","","https://www.fraserhealth.ca/patients-and-visitors/when-to-use-the-emergency/",,"Y",,"24 hours a day, 7 days a week","3935 Kincaid Street","","","","Burnaby","BC","V5G 2X6","49.248776","-123.016837","http://www.healthlinkbc.ca/find/resource.asp?First=1&org=53965&agencynum=17645045&SiteResourceAgencyNum=17644353"
"LD-1700","Emergency Room Care","17644351","Fraser Health Authority","17645045","Emergency Health Services","Provides 24-hour emergency services for patients arriving at the hospital in need of immediate care because of a health crisis or urgent medical condition. Patients are seen by a doctor on a priority basis based on the severity of the patient's condition upon arrival. Wait times can vary depending on time, location and level of need.","17645055","17644460","","https://www.fraserhealth.ca/patients-and-visitors/when-to-use-the-emergency/",,"Y",,"24 hours a day, 7 days a week","7324 Hurd Street","","","","Mission","BC","V2V 3H5","49.135186","-122.331733","http://www.healthlinkbc.ca/find/resource.asp?First=1&org=53965&agencynum=17645045&SiteResourceAgencyNum=17644460"
"LD-1700","Emergency Room Care","17644351","Fraser Health Authority","17645045","Emergency Health Services","Provides 24-hour emergency services for patients arriving at the hospital in need of immediate care because of a health crisis or urgent medical condition. Patients are seen by a doctor on a priority basis based on the severity of the patient's condition upon arrival. Wait times can vary depending on time, location and level of need.","17645056","17644418","","https://www.fraserhealth.ca/patients-and-visitors/when-to-use-the-emergency/",,"Y",,"24 hours a day, 7 days a week","15521 Russell Avenue","","","","White Rock","BC","V4B 2R4","49.029793","-122.793632","http://www.healthlinkbc.ca/find/resource.asp?First=1&org=53965&agencynum=17645045&SiteResourceAgencyNum=17644418"
"LD-1700","Emergency Room Care","17644351","Fraser Health Authority","17645045","Emergency Health Services","Provides 24-hour emergency services for patients arriving at the hospital in need of immediate care because of a health crisis or urgent medical condition. Patients are seen by a doctor on a priority basis based on the severity of the patient's condition upon arrival. Wait times can vary depending on time, location and level of need.","17645057","17644361","","https://www.fraserhealth.ca/patients-and-visitors/when-to-use-the-emergency/",,"Y",,"24 hours a day, 7 days a week","5800 Mountain View Boulevard","","","","Delta","BC","V4K 3V6","49.084610","-123.059929","http://www.healthlinkbc.ca/find/resource.asp?First=1&org=53965&agencynum=17645045&SiteResourceAgencyNum=17644361"
"LD-1700","Emergency Room Care","17644351","Fraser Health Authority","17992341","Pediatric Emergency Department","Provides emergency medical care for children aged 17 and under in a child-friendly space separate from the adult emergency department. The department offers a family-centered approach including private treatment rooms to accommodate more family members, and a designated area for pediatric mental health patients. Located on the first floor of the critical care tower.","17992333","17644365","6045812211","https://www.fraserhealth.ca/Service-Directory/Services/child-and-youth-services/paediatric-emergency",,"Y",,"24 hours a day, 7 days a week","13750 96th Avenue","","","","Surrey","BC","V3V 1Z2","49.177003","-122.842316","http://www.healthlinkbc.ca/find/resource.asp?First=1&org=53965&agencynum=17992341&SiteResourceAgencyNum=17644365"
"LD-1700","Emergency Room Care","17646543","Interior Health Authority","17647094","Emergency Health Services","Provides emergency services for patients arriving at the hospital in need of immediate care because of a health crisis or urgent medical condition. Most locations are open 24 hours a day, 7 days a week. 	 Hours may vary, or be subject to change, in rural communities. 	 	 Individuals are encouraged to call ahead to confirm services will be available upon their arrival.","17647095","17646767","","https://www.interiorhealth.ca/services/emergency-health-services",,"Y",,"Mon 08:30 - 16:30; Tue 08:30 - 16:30; Wed 08:30 - 16:30; Thu 08:30 - 16:30; Fri 08:30 - 16:30;","4537 Barriere Town Road","","","","Barriere","BC","V0E 1E0","51.180406","-120.125113","http://www.healthlinkbc.ca/find/resource.asp?First=1&org=53965&agencynum=17647094&SiteResourceAgencyNum=17646767"
"LD-1700","Emergency Room Care","17646543","Interior Health Authority","17647094","Emergency Health Services","Provides emergency services for patients arriving at the hospital in need of immediate care because of a health crisis or urgent medical condition. Most locations are open 24 hours a day, 7 days a week. 	 Hours may vary, or be subject to change, in rural communities. 	 	 Individuals are encouraged to call ahead to confirm services will be available upon their arrival.","17647097","17647096","","https://www.interiorhealth.ca/services/emergency-health-services",,"Y",,"24 hours a day, 7 days a week","98 Ridgewood Drive","","","","Princeton","BC","V0X 1W0","49.453436","-120.526235","http://www.healthlinkbc.ca/find/resource.asp?First=1&org=53965&agencynum=17647094&SiteResourceAgencyNum=17647096"
"LD-1700","Emergency Room Care","17646543","Interior Health Authority","17647094","Emergency Health Services","Provides emergency services for patients arriving at the hospital in need of immediate care because of a health crisis or urgent medical condition. Most locations are open 24 hours a day, 7 days a week. 	 Hours may vary, or be subject to change, in rural communities. 	 	 Individuals are encouraged to call ahead to confirm services will be available upon their arrival.","17647099","17647098","","https://www.interiorhealth.ca/services/emergency-health-services",,"Y",,"24 hours a day, 7 days a week","312 15th Avenue N","","","","Creston","BC","V0B 1G0","49.098702","-116.508309","http://www.healthlinkbc.ca/find/resource.asp?First=1&org=53965&agencynum=17647094&SiteResourceAgencyNum=17647098"
"LD-1700","Emergency Room Care","17646543","Interior Health Authority","17647094","Emergency Health Services","Provides emergency services for patients arriving at the hospital in need of immediate care because of a health crisis or urgent medical condition. Most locations are open 24 hours a day, 7 days a week. 	 Hours may vary, or be subject to change, in rural communities. 	 	 Individuals are encouraged to call ahead to confirm services will be available upon their arrival.","17647100","17646747","","https://www.interiorhealth.ca/services/emergency-health-services",,"Y",,"24 hours a day, 7 days a week","3451 Voght Street","","","","Merritt","BC","V1K 1C6","50.121468","-120.771016","http://www.healthlinkbc.ca/find/resource.asp?First=1&org=53965&agencynum=17647094&SiteResourceAgencyNum=17646747"
"LD-1700","Emergency Room Care","17646543","Interior Health Authority","17647094","Emergency Health Services","Provides emergency services for patients arriving at the hospital in need of immediate care because of a health crisis or urgent medical condition. Most locations are open 24 hours a day, 7 days a week. 	 Hours may vary, or be subject to change, in rural communities. 	 	 Individuals are encouraged to call ahead to confirm services will be available upon their arrival.","17647102","17647101","","https://www.interiorhealth.ca/services/emergency-health-services",,"Y",,"24 hours a day, 7 days a week","911 McKinney Road","","","","Oliver","BC","V0H 1T3","49.184285","-119.538410","http://www.healthlinkbc.ca/find/resource.asp?First=1&org=53965&agencynum=17647094&SiteResourceAgencyNum=17647101"
"LD-1700","Emergency Room Care","17646543","Interior Health Authority","17647094","Emergency Health Services","Provides emergency services for patients arriving at the hospital in need of immediate care because of a health crisis or urgent medical condition. Most locations are open 24 hours a day, 7 days a week. 	 Hours may vary, or be subject to change, in rural communities. 	 	 Individuals are encouraged to call ahead to confirm services will be available upon their arrival.","17647104","17647103","","https://www.interiorhealth.ca/services/emergency-health-services",,"Y",,"24 hours a day, 7 days a week","850 10th Avenue","","","","Invermere","BC","V0A 1K0","50.506441","-116.032224","http://www.healthlinkbc.ca/find/resource.asp?First=1&org=53965&agencynum=17647094&SiteResourceAgencyNum=17647103"
"LD-1700","Emergency Room Care","17646543","Interior Health Authority","17647094","Emergency Health Services","Provides emergency services for patients arriving at the hospital in need of immediate care because of a health crisis or urgent medical condition. Most locations are open 24 hours a day, 7 days a week. 	 Hours may vary, or be subject to change, in rural communities. 	 	 Individuals are encouraged to call ahead to confirm services will be available upon their arrival.","17647106","17647105","","https://www.interiorhealth.ca/services/emergency-health-services",,"Y",,"24 hours a day, 7 days a week","835 9th Avenue S","","","","Golden","BC","V0A 1H0","51.296527","-116.966604","http://www.healthlinkbc.ca/find/resource.asp?First=1&org=53965&agencynum=17647094&SiteResourceAgencyNum=17647105"
"LD-1700","Emergency Room Care","17646543","Interior Health Authority","17647094","Emergency Health Services","Provides emergency services for patients arriving at the hospital in need of immediate care because of a health crisis or urgent medical condition. Most locations are open 24 hours a day, 7 days a week. 	 Hours may vary, or be subject to change, in rural communities. 	 	 Individuals are encouraged to call ahead to confirm services will be available upon their arrival.","17647107","17646582","","https://www.interiorhealth.ca/services/emergency-health-services",,"Y",,"24 hours a day, 7 days a week","550 Carmi Avenue","","","","Penticton","BC","V2A 3G6","49.482657","-119.578687","http://www.healthlinkbc.ca/find/resource.asp?First=1&org=53965&agencynum=17647094&SiteResourceAgencyNum=17646582"
"LD-1700","Emergency Room Care","17646543","Interior Health Authority","17647094","Emergency Health Services","Provides emergency services for patients arriving at the hospital in need of immediate care because of a health crisis or urgent medical condition. Most locations are open 24 hours a day, 7 days a week. 	 Hours may vary, or be subject to change, in rural communities. 	 	 Individuals are encouraged to call ahead to confirm services will be available upon their arrival.","17647108","17646893","","https://www.interiorhealth.ca/services/emergency-health-services",,"Y",,"24 hours a day, 7 days a week","13 24th Avenue N","","","","Cranbrook","BC","V1C 3H9","49.512483","-115.748688","http://www.healthlinkbc.ca/find/resource.asp?First=1&org=53965&agencynum=17647094&SiteResourceAgencyNum=17646893"
"LD-1700","Emergency Room Care","17646543","Interior Health Authority","17647094","Emergency Health Services","Provides emergency services for patients arriving at the hospital in need of immediate care because of a health crisis or urgent medical condition. Most locations are open 24 hours a day, 7 days a week. 	 Hours may vary, or be subject to change, in rural communities. 	 	 Individuals are encouraged to call ahead to confirm services will be available upon their arrival.","17647109","17646590","","https://www.interiorhealth.ca/services/emergency-health-services",,"Y",,"24 hours a day, 7 days a week","1501 5th Avenue","","","","Fernie","BC","V0B 1M0","49.512840","-115.056600","http://www.healthlinkbc.ca/find/resource.asp?First=1&org=53965&agencynum=17647094&SiteResourceAgencyNum=17646590"
"LD-1700","Emergency Room Care","17646543","Interior Health Authority","17647094","Emergency Health Services","Provides emergency services for patients arriving at the hospital in need of immediate care because of a health crisis or urgent medical condition. Most locations are open 24 hours a day, 7 days a week. 	 Hours may vary, or be subject to change, in rural communities. 	 	 Individuals are encouraged to call ahead to confirm services will be available upon their arrival.","17647110","17646585","","https://www.interiorhealth.ca/services/emergency-health-services",,"Y",,"24 hours a day, 7 days a week","517 6th Avenue N","","","","Williams Lake","BC","V2G 2G8","52.137421","-122.143656","http://www.healthlinkbc.ca/find/resource.asp?First=1&org=53965&agencynum=17647094&SiteResourceAgencyNum=17646585"
"LD-1700","Emergency Room Care","17646543","Interior Health Authority","17647094","Emergency Health Services","Provides emergency services for patients arriving at the hospital in need of immediate care because of a health crisis or urgent medical condition. Most locations are open 24 hours a day, 7 days a week. 	 Hours may vary, or be subject to change, in rural communities. 	 	 Individuals are encouraged to call ahead to confirm services will be available upon their arrival.","17647111","17646548","","https://www.interiorhealth.ca/services/emergency-health-services",,"Y",,"Open 24 hours a day, 7 days a week based on availability. Hours subject to change; call ahead before going to the hospital.","640 Park Drive","","","","Clearwater","BC","V0E 1N0","51.646945","-120.018229","http://www.healthlinkbc.ca/find/resource.asp?First=1&org=53965&agencynum=17647094&SiteResourceAgencyNum=17646548"
"LD-1700","Emergency Room Care","17646543","Interior Health Authority","17647094","Emergency Health Services","Provides emergency services for patients arriving at the hospital in need of immediate care because of a health crisis or urgent medical condition. Most locations are open 24 hours a day, 7 days a week. 	 Hours may vary, or be subject to change, in rural communities. 	 	 Individuals are encouraged to call ahead to confirm services will be available upon their arrival.","17647112","17646943","","https://www.interiorhealth.ca/services/emergency-health-services",,"Y",,"24 hours a day, 7 days a week","951 Murray Street","","","","Lillooet","BC","V0K 1V0","50.689254","-121.939063","http://www.healthlinkbc.ca/find/resource.asp?First=1&org=53965&agencynum=17647094&SiteResourceAgencyNum=17646943"
"LD-1700","Emergency Room Care","17646543","Interior Health Authority","17647094","Emergency Health Services","Provides emergency services for patients arriving at the hospital in need of immediate care because of a health crisis or urgent medical condition. Most locations are open 24 hours a day, 7 days a week. 	 Hours may vary, or be subject to change, in rural communities. 	 	 Individuals are encouraged to call ahead to confirm services will be available upon their arrival.","17647113","17646896","","https://www.interiorhealth.ca/services/emergency-health-services",,"Y",,"24 hours a day, 7 days a week","3 View Street","","","","Nelson","BC","V1L 2V1","49.495025","-117.284817","http://www.healthlinkbc.ca/find/resource.asp?First=1&org=53965&agencynum=17647094&SiteResourceAgencyNum=17646896"
"LD-1700","Emergency Room Care","17646543","Interior Health Authority","17647094","Emergency Health Services","Provides emergency services for patients arriving at the hospital in need of immediate care because of a health crisis or urgent medical condition. Most locations are open 24 hours a day, 7 days a week. 	 Hours may vary, or be subject to change, in rural communities. 	 	 Individuals are encouraged to call ahead to confirm services will be available upon their arrival.","17647115","17646776","","https://www.interiorhealth.ca/services/emergency-health-services",,"Y",,"Mon 08:00 - 20:00; Tue 08:00 - 20:00; Wed 08:00 - 20:00; Thu 08:00 - 20:00; Fri 08:00 - 20:00; Sat 08:00 - 20:00; Sun 08:00 - 20:00; Drop-in and same-day appointments available.","700 Ash-Cache Creek Highway","","","","Ashcroft","BC","V0K 1A0","50.734772","-121.280163","http://www.healthlinkbc.ca/find/resource.asp?First=1&org=53965&agencynum=17647094&SiteResourceAgencyNum=17646776"
"LD-1700","Emergency Room Care","17646543","Interior Health Authority","17647094","Emergency Health Services","Provides emergency services for patients arriving at the hospital in need of immediate care because of a health crisis or urgent medical condition. Most locations are open 24 hours a day, 7 days a week. 	 Hours may vary, or be subject to change, in rural communities. 	 	 Individuals are encouraged to call ahead to confirm services will be available upon their arrival.","17647116","17646849","","https://www.interiorhealth.ca/services/emergency-health-services",,"Y",,"24 hours a day, 7 days a week","555 Cedar Avenue S","","","","100 Mile House","BC","V0K 2E0","51.638711","-121.292384","http://www.healthlinkbc.ca/find/resource.asp?First=1&org=53965&agencynum=17647094&SiteResourceAgencyNum=17646849"
"LD-1700","Emergency Room Care","17646543","Interior Health Authority","17647094","Emergency Health Services","Provides emergency services for patients arriving at the hospital in need of immediate care because of a health crisis or urgent medical condition. Most locations are open 24 hours a day, 7 days a week. 	 Hours may vary, or be subject to change, in rural communities. 	 	 Individuals are encouraged to call ahead to confirm services will be available upon their arrival.","17647117","17646569","","https://www.interiorhealth.ca/services/emergency-health-services",,"Y",,"24 hours a day, 7 days a week","1200 Newlands Road","","","","Revelstoke","BC","V0E 2S0","50.976799","-118.191902","http://www.healthlinkbc.ca/find/resource.asp?First=1&org=53965&agencynum=17647094&SiteResourceAgencyNum=17646569"
"LD-1700","Emergency Room Care","17646543","Interior Health Authority","17647094","Emergency Health Services","Provides emergency services for patients arriving at the hospital in need of immediate care because of a health crisis or urgent medical condition. Most locations are open 24 hours a day, 7 days a week. 	 Hours may vary, or be subject to change, in rural communities. 	 	 Individuals are encouraged to call ahead to confirm services will be available upon their arrival.","17647119","17647118","","https://www.interiorhealth.ca/services/emergency-health-services",,"Y",,"24 hours a day, 7 days a week","601 10th Street NE","","","","Salmon Arm","BC","V1E 4N6","50.704586","-119.274422","http://www.healthlinkbc.ca/find/resource.asp?First=1&org=53965&agencynum=17647094&SiteResourceAgencyNum=17647118"
"LD-1700","Emergency Room Care","17646543","Interior Health Authority","17647094","Emergency Health Services","Provides emergency services for patients arriving at the hospital in need of immediate care because of a health crisis or urgent medical condition. Most locations are open 24 hours a day, 7 days a week. 	 Hours may vary, or be subject to change, in rural communities. 	 	 Individuals are encouraged to call ahead to confirm services will be available upon their arrival.","17647120","17647058","2504552221","https://www.interiorhealth.ca/services/emergency-health-services",,"Y",,"","1535 St. Georges Road","","","","Lytton","BC","V0K 1Z0","50.261247","-121.593095","http://www.healthlinkbc.ca/find/resource.asp?First=1&org=53965&agencynum=17647094&SiteResourceAgencyNum=17647058"
"LD-1700","Emergency Room Care","17646543","Interior Health Authority","17647094","Emergency Health Services","Provides emergency services for patients arriving at the hospital in need of immediate care because of a health crisis or urgent medical condition. Most locations are open 24 hours a day, 7 days a week. 	 Hours may vary, or be subject to change, in rural communities. 	 	 Individuals are encouraged to call ahead to confirm services will be available upon their arrival.","17647121","17646772","","https://www.interiorhealth.ca/services/emergency-health-services",,"Y",,"Mon 08:00 - 19:00; Tue 08:00 - 19:00; Wed 08:00 - 19:00; Thu 08:00 - 19:00; Fri 08:00 - 19:00; Sat 08:00 - 19:00; Sun 08:00 - 19:00;","570 Pine Avenue","","","","Sparwood","BC","V0B 2G0","49.721453","-114.892672","http://www.healthlinkbc.ca/find/resource.asp?First=1&org=53965&agencynum=17647094&SiteResourceAgencyNum=17646772"
"LD-1700","Emergency Room Care","17646543","Interior Health Authority","17647094","Emergency Health Services","Provides emergency services for patients arriving at the hospital in need of immediate care because of a health crisis or urgent medical condition. Most locations are open 24 hours a day, 7 days a week. 	 Hours may vary, or be subject to change, in rural communities. 	 	 Individuals are encouraged to call ahead to confirm services will be available upon their arrival.","17647122","17646810","","https://www.interiorhealth.ca/services/emergency-health-services",,"Y",,"Mon 08:00 - 20:00; Tue 08:00 - 20:00; Wed 08:00 - 20:00; Thu 08:00 - 20:00; Fri 08:00 - 20:00; Sat 08:00 - 20:00; Sun 08:00 - 20:00;","709 10th Street","","","","Castlegar","BC","V1N 2H7","49.314395","-117.659998","http://www.healthlinkbc.ca/find/resource.asp?First=1&org=53965&agencynum=17647094&SiteResourceAgencyNum=17646810"
"LD-1700","Emergency Room Care","17646543","Interior Health Authority","17647094","Emergency Health Services","Provides emergency services for patients arriving at the hospital in need of immediate care because of a health crisis or urgent medical condition. Most locations are open 24 hours a day, 7 days a week. 	 Hours may vary, or be subject to change, in rural communities. 	 	 Individuals are encouraged to call ahead to confirm services will be available upon their arrival.","17647123","17646627","","https://www.interiorhealth.ca/services/emergency-health-services",,"Y",,"Mon 09:00 - 17:00; Tue 09:00 - 17:00; Wed 09:00 - 17:00; Thu 09:00 - 17:00; Fri 09:00 - 17:00; Sat 09:00 - 17:00; Sun 09:00 - 17:00; Closed statutory holidays","673 A Avenue","","","","Kaslo","BC","V0G 1M0","49.913883","-116.914089","http://www.healthlinkbc.ca/find/resource.asp?First=1&org=53965&agencynum=17647094&SiteResourceAgencyNum=17646627"
"LD-1700","Emergency Room Care","17646543","Interior Health Authority","17647094","Emergency Health Services","Provides emergency services for patients arriving at the hospital in need of immediate care because of a health crisis or urgent medical condition. Most locations are open 24 hours a day, 7 days a week. 	 Hours may vary, or be subject to change, in rural communities. 	 	 Individuals are encouraged to call ahead to confirm services will be available upon their arrival.","17647124","17646553","","https://www.interiorhealth.ca/services/emergency-health-services",,"Y",,"24 hours a day, 7 days a week","97 1st Avenue NE","","","","Nakusp","BC","V0G 1R0","50.238724","-117.794638","http://www.healthlinkbc.ca/find/resource.asp?First=1&org=53965&agencynum=17647094&SiteResourceAgencyNum=17646553"
"LD-1700","Emergency Room Care","17646543","Interior Health Authority","17647094","Emergency Health Services","Provides emergency services for patients arriving at the hospital in need of immediate care because of a health crisis or urgent medical condition. Most locations are open 24 hours a day, 7 days a week. 	 Hours may vary, or be subject to change, in rural communities. 	 	 Individuals are encouraged to call ahead to confirm services will be available upon their arrival.","17647125","17646738","","https://www.interiorhealth.ca/services/emergency-health-services",,"Y",,"24 hours a day, 7 days a week","2268 Pandosy Street","","","","Kelowna","BC","V1Y 1T2","49.873281","-119.491273","http://www.healthlinkbc.ca/find/resource.asp?First=1&org=53965&agencynum=17647094&SiteResourceAgencyNum=17646738"
"LD-1700","Emergency Room Care","17646543","Interior Health Authority","17647094","Emergency Health Services","Provides emergency services for patients arriving at the hospital in need of immediate care because of a health crisis or urgent medical condition. Most locations are open 24 hours a day, 7 days a week. 	 Hours may vary, or be subject to change, in rural communities. 	 	 Individuals are encouraged to call ahead to confirm services will be available upon their arrival.","17647126","17646551","","https://www.interiorhealth.ca/services/emergency-health-services",,"Y",,"24 hours a day, 7 days a week","1200 Hospital Bench","","","","Trail","BC","V1R 4M1","49.103180","-117.701470","http://www.healthlinkbc.ca/find/resource.asp?First=1&org=53965&agencynum=17647094&SiteResourceAgencyNum=17646551"
"LD-1700","Emergency Room Care","17646543","Interior Health Authority","17647094","Emergency Health Services","Provides emergency services for patients arriving at the hospital in need of immediate care because of a health crisis or urgent medical condition. Most locations are open 24 hours a day, 7 days a week. 	 Hours may vary, or be subject to change, in rural communities. 	 	 Individuals are encouraged to call ahead to confirm services will be available upon their arrival.","17647127","17646580","","https://www.interiorhealth.ca/services/emergency-health-services",,"Y",,"24 hours a day, 7 days a week","2101 32nd Street","","","","Vernon","BC","V1T 5L2","50.256925","-119.273751","http://www.healthlinkbc.ca/find/resource.asp?First=1&org=53965&agencynum=17647094&SiteResourceAgencyNum=17646580"
"LD-1700","Emergency Room Care","17646543","Interior Health Authority","17647094","Emergency Health Services","Provides emergency services for patients arriving at the hospital in need of immediate care because of a health crisis or urgent medical condition. Most locations are open 24 hours a day, 7 days a week. 	 Hours may vary, or be subject to change, in rural communities. 	 	 Individuals are encouraged to call ahead to confirm services will be available upon their arrival.","17647128","17646898","","https://www.interiorhealth.ca/services/emergency-health-services",,"Y",,"24 hours a day, 7 days a week","311 Columbia Street","","","","Kamloops","BC","V2C 2T1","50.671418","-120.334025","http://www.healthlinkbc.ca/find/resource.asp?First=1&org=53965&agencynum=17647094&SiteResourceAgencyNum=17646898"
"LD-1700","Emergency Room Care","17646543","Interior Health Authority","17647094","Emergency Health Services","Provides emergency services for patients arriving at the hospital in need of immediate care because of a health crisis or urgent medical condition. Most locations are open 24 hours a day, 7 days a week. 	 Hours may vary, or be subject to change, in rural communities. 	 	 Individuals are encouraged to call ahead to confirm services will be available upon their arrival.","17647131","17646669","","https://www.interiorhealth.ca/services/emergency-health-services",,"Y",,"24 hours a day, 7 days a week","401 Galena Avenue","","","","New Denver","BC","V0G 1S0","49.984216","-117.373941","http://www.healthlinkbc.ca/find/resource.asp?First=1&org=53965&agencynum=17647094&SiteResourceAgencyNum=17646669"
"LD-1700","Emergency Room Care","17646543","Interior Health Authority","17647094","Emergency Health Services","Provides emergency services for patients arriving at the hospital in need of immediate care because of a health crisis or urgent medical condition. Most locations are open 24 hours a day, 7 days a week. 	 Hours may vary, or be subject to change, in rural communities. 	 	 Individuals are encouraged to call ahead to confirm services will be available upon their arrival.","17647133","17646759","","https://www.interiorhealth.ca/services/emergency-health-services",,"Y",,"Hours subject to change; call ahead before going to the hospital.","825 Thompson Avenue","","","","Chase","BC","V0E 1M0","50.818238","-119.685680","http://www.healthlinkbc.ca/find/resource.asp?First=1&org=53965&agencynum=17647094&SiteResourceAgencyNum=17646759"
"LD-1700","Emergency Room Care","17646543","Interior Health Authority","17647094","Emergency Health Services","Provides emergency services for patients arriving at the hospital in need of immediate care because of a health crisis or urgent medical condition. Most locations are open 24 hours a day, 7 days a week. 	 Hours may vary, or be subject to change, in rural communities. 	 	 Individuals are encouraged to call ahead to confirm services will be available upon their arrival.","17647134","17646788","","https://www.interiorhealth.ca/services/emergency-health-services",,"Y",,"24 hours a day, 7 days a week","16452 Chilcotin-Bella Coola Hwy 20","","","","Tatla Lake","BC","V0L 1V0","51.898899","-124.583244","http://www.healthlinkbc.ca/find/resource.asp?First=1&org=53965&agencynum=17647094&SiteResourceAgencyNum=17646788"
"LD-1700","Emergency Room Care","17646543","Interior Health Authority","17647094","Emergency Health Services","Provides emergency services for patients arriving at the hospital in need of immediate care because of a health crisis or urgent medical condition. Most locations are open 24 hours a day, 7 days a week. 	 Hours may vary, or be subject to change, in rural communities. 	 	 Individuals are encouraged to call ahead to confirm services will be available upon their arrival.","17647136","17647135","","https://www.interiorhealth.ca/services/emergency-health-services",,"Y",,"24 hours a day, 7 days a week","7649 22nd Street","","","","Grand Forks","BC","V0H 1H2","49.030363","-118.467838","http://www.healthlinkbc.ca/find/resource.asp?First=1&org=53965&agencynum=17647094&SiteResourceAgencyNum=17647135"
"LD-1700","Emergency Room Care","17646543","Interior Health Authority","17647094","Emergency Health Services","Provides emergency services for patients arriving at the hospital in need of immediate care because of a health crisis or urgent medical condition. Most locations are open 24 hours a day, 7 days a week. 	 Hours may vary, or be subject to change, in rural communities. 	 	 Individuals are encouraged to call ahead to confirm services will be available upon their arrival.","17647137","17646829","","https://www.interiorhealth.ca/services/emergency-health-services",,"Y",,"Mon 09:00 - 16:30; Tue 09:00 - 16:30; Wed 09:00 - 16:30; Thu 09:00 - 16:30; Fri 09:00 - 16:30; Closed statutory holidays. Hours subject to change; call ahead before going to the hospital. Elk Valley Hospital in Fernie is open 24-hours.","212 Alpine Way","","","","Elkford","BC","V0B 1H0","50.021306","-114.918185","http://www.healthlinkbc.ca/find/resource.asp?First=1&org=53965&agencynum=17647094&SiteResourceAgencyNum=17646829"
"LD-1700","Emergency Room Care","17646543","Interior Health Authority","17647094","Emergency Health Services","Provides emergency services for patients arriving at the hospital in need of immediate care because of a health crisis or urgent medical condition. Most locations are open 24 hours a day, 7 days a week. 	 Hours may vary, or be subject to change, in rural communities. 	 	 Individuals are encouraged to call ahead to confirm services will be available upon their arrival.","21397663","17647924","","https://www.interiorhealth.ca/services/emergency-health-services",,"Y",,"24 hours a day, 7 days a week","2592 Morton Road","","","","Alexis Creek","BC","V0L 1A0","52.085559","-123.275914","http://www.healthlinkbc.ca/find/resource.asp?First=1&org=53965&agencynum=17647094&SiteResourceAgencyNum=17647924"
"LD-1700","Emergency Room Care","17646543","Interior Health Authority","17647094","Emergency Health Services","Provides emergency services for patients arriving at the hospital in need of immediate care because of a health crisis or urgent medical condition. Most locations are open 24 hours a day, 7 days a week. 	 Hours may vary, or be subject to change, in rural communities. 	 	 Individuals are encouraged to call ahead to confirm services will be available upon their arrival.","21397690","17647530","","https://www.interiorhealth.ca/services/emergency-health-services",,"Y",,"Mon 16:00 - 08:00; Tue 16:00 - 08:00; Wed 16:00 - 08:00; Thu 16:00 - 08:00;","322 Monashee Avenue","","","","Edgewood","BC","V0G 1J0","49.778410","-118.146151","http://www.healthlinkbc.ca/find/resource.asp?First=1&org=53965&agencynum=17647094&SiteResourceAgencyNum=17647530"
"LD-1700","Emergency Room Care","17646543","Interior Health Authority","17647094","Emergency Health Services","Provides emergency services for patients arriving at the hospital in need of immediate care because of a health crisis or urgent medical condition. Most locations are open 24 hours a day, 7 days a week. 	 Hours may vary, or be subject to change, in rural communities. 	 	 Individuals are encouraged to call ahead to confirm services will be available upon their arrival.","55195223","17646784","","https://www.interiorhealth.ca/services/emergency-health-services",,"Y",,"Mon 08:00 - 16:00; Tue 08:00 - 16:00; Wed 08:00 - 16:00; Thu 08:00 - 16:00; Fri 08:00 - 16:00; Sat 08:00 - 16:00; Physician on-call after hours; call ahead to confirm availability. Closed statutory holidays.","700 3rd Street","","","","Keremeos","BC","V0X 1N3","49.205140","-119.831731","http://www.healthlinkbc.ca/find/resource.asp?First=1&org=53965&agencynum=17647094&SiteResourceAgencyNum=17646784"
"LD-1700","Emergency Room Care","17648936","Vancouver Coastal Health","17649851","Emergency Health Services","Provides 24-hour emergency health care and trauma services in most hospital sites; operating hours may vary in rural areas. Services are prioritized based on the severity of the patient's condition upon arrival. Wait times can vary depending on time, location and level of need. Visit the ED Wait Times website to see current wait times of Vancouver, North Shore and Richmond emergency rooms.","17649852","17648995","","https://www.vch.ca/en/health-topics/emergency-care",,"Y",,"Open 24 hours, 7 days a week","7000 Westminster Highway","","","","Richmond","BC","V6X 1A2","49.170162","-123.147547","http://www.healthlinkbc.ca/find/resource.asp?First=1&org=53965&agencynum=17649851&SiteResourceAgencyNum=17648995"
"LD-1700","Emergency Room Care","17648936","Vancouver Coastal Health","17649851","Emergency Health Services","Provides 24-hour emergency health care and trauma services in most hospital sites; operating hours may vary in rural areas. Services are prioritized based on the severity of the patient's condition upon arrival. Wait times can vary depending on time, location and level of need. Visit the ED Wait Times website to see current wait times of Vancouver, North Shore and Richmond emergency rooms.","55362730","17648966","","https://www.vch.ca/en/health-topics/emergency-care",,"Y",,"Open 24 hours, 7 days a week","88 Waglisla Street","","","","Bella Bella","BC","V0T 1Z0","52.160187","-128.143874","http://www.healthlinkbc.ca/find/resource.asp?First=1&org=53965&agencynum=17649851&SiteResourceAgencyNum=17648966"
"LD-1700","Emergency Room Care","17648936","Vancouver Coastal Health","17649851","Emergency Health Services","Provides 24-hour emergency health care and trauma services in most hospital sites; operating hours may vary in rural areas. Services are prioritized based on the severity of the patient's condition upon arrival. Wait times can vary depending on time, location and level of need. Visit the ED Wait Times website to see current wait times of Vancouver, North Shore and Richmond emergency rooms.","55362732","17648998","","https://www.vch.ca/en/health-topics/emergency-care",,"Y",,"Open 24 hours, 7 days a week","5544 Sunshine Coast Highway","","","","Sechelt","BC","V0N 3A0","49.475307","-123.749159","http://www.healthlinkbc.ca/find/resource.asp?First=1&org=53965&agencynum=17649851&SiteResourceAgencyNum=17648998"
"LD-1700","Emergency Room Care","17648936","Vancouver Coastal Health","17649851","Emergency Health Services","Provides 24-hour emergency health care and trauma services in most hospital sites; operating hours may vary in rural areas. Services are prioritized based on the severity of the patient's condition upon arrival. Wait times can vary depending on time, location and level of need. Visit the ED Wait Times website to see current wait times of Vancouver, North Shore and Richmond emergency rooms.","55362734","17648993","","https://www.vch.ca/en/health-topics/emergency-care",,"Y",,"Open 24 hours, 7 days a week","5000 Joyce Avenue","","","","Powell River","BC","V8A 5R3","49.851072","-124.520727","http://www.healthlinkbc.ca/find/resource.asp?First=1&org=53965&agencynum=17649851&SiteResourceAgencyNum=17648993"
"LD-1700","Emergency Room Care","17648936","Vancouver Coastal Health","17649851","Emergency Health Services","Provides 24-hour emergency health care and trauma services in most hospital sites; operating hours may vary in rural areas. Services are prioritized based on the severity of the patient's condition upon arrival. Wait times can vary depending on time, location and level of need. Visit the ED Wait Times website to see current wait times of Vancouver, North Shore and Richmond emergency rooms.","55362737","17649124","","https://www.vch.ca/en/health-topics/emergency-care",,"Y",,"Open 24 hours, 7 days a week","1025 Elcho Street","","","","Bella Coola","BC","V0T 1C0","52.372895","-126.762576","http://www.healthlinkbc.ca/find/resource.asp?First=1&org=53965&agencynum=17649851&SiteResourceAgencyNum=17649124"
"LD-1700","Emergency Room Care","17648936","Vancouver Coastal Health","17649851","Emergency Health Services","Provides 24-hour emergency health care and trauma services in most hospital sites; operating hours may vary in rural areas. Services are prioritized based on the severity of the patient's condition upon arrival. Wait times can vary depending on time, location and level of need. Visit the ED Wait Times website to see current wait times of Vancouver, North Shore and Richmond emergency rooms.","55362740","17648961","","https://www.vch.ca/en/health-topics/emergency-care",,"Y",,"Open 24 hours, 7 days a week","231 East 15th Street","","","","North Vancouver","BC","V7L 2L7","49.320214","-123.068318","http://www.healthlinkbc.ca/find/resource.asp?First=1&org=53965&agencynum=17649851&SiteResourceAgencyNum=17648961"
"LD-1700","Emergency Room Care","17648936","Vancouver Coastal Health","17649851","Emergency Health Services","Provides 24-hour emergency health care and trauma services in most hospital sites; operating hours may vary in rural areas. Services are prioritized based on the severity of the patient's condition upon arrival. Wait times can vary depending on time, location and level of need. Visit the ED Wait Times website to see current wait times of Vancouver, North Shore and Richmond emergency rooms.","55362743","17649260","","https://www.vch.ca/en/health-topics/emergency-care",,"Y",,"Open 24 hours, 7 days a week","38140 Behrner Drive","","","","Squamish","BC","V8B 0J3","49.700092","-123.140086","http://www.healthlinkbc.ca/find/resource.asp?First=1&org=53965&agencynum=17649851&SiteResourceAgencyNum=17649260"
"LD-1700","Emergency Room Care","17648936","Vancouver Coastal Health","17649851","Emergency Health Services","Provides 24-hour emergency health care and trauma services in most hospital sites; operating hours may vary in rural areas. Services are prioritized based on the severity of the patient's condition upon arrival. Wait times can vary depending on time, location and level of need. Visit the ED Wait Times website to see current wait times of Vancouver, North Shore and Richmond emergency rooms.","55363049","17649180","","https://www.vch.ca/en/health-topics/emergency-care",,"Y",,"Mon 08:00 - 22:00; Tue 08:00 - 22:00; Wed 08:00 - 22:00; Thu 08:00 - 22:00; Fri 08:00 - 22:00; Sat 08:00 - 22:00; Sun 08:00 - 22:00; On call staff may be available for after-hours services","4380 Lorimer Road","","","","Whistler","BC","V8E 1A7","50.120463","-122.954906","http://www.healthlinkbc.ca/find/resource.asp?First=1&org=53965&agencynum=17649851&SiteResourceAgencyNum=17649180"
"LD-1700","Emergency Room Care","17648936","Vancouver Coastal Health","17649851","Emergency Health Services","Provides 24-hour emergency health care and trauma services in most hospital sites; operating hours may vary in rural areas. Services are prioritized based on the severity of the patient's condition upon arrival. Wait times can vary depending on time, location and level of need. Visit the ED Wait Times website to see current wait times of Vancouver, North Shore and Richmond emergency rooms.","55363051","17649176","","https://www.vch.ca/en/health-topics/emergency-care",,"Y",,"Mon 08:30 - 20:30; Tue 08:30 - 20:30; Wed 08:30 - 20:30; Thu 08:30 - 20:30; Fri 08:30 - 20:30; Sat 08:30 - 20:30; Sun 08:30 - 20:30;","1403 Portage Road","","","","Pemberton","BC","V0N 2L0","50.320760","-122.804482","http://www.healthlinkbc.ca/find/resource.asp?First=1&org=53965&agencynum=17649851&SiteResourceAgencyNum=17649176"
"LD-1700","Emergency Room Care","17648936","Vancouver Coastal Health","17649851","Emergency Health Services","Provides 24-hour emergency health care and trauma services in most hospital sites; operating hours may vary in rural areas. Services are prioritized based on the severity of the patient's condition upon arrival. Wait times can vary depending on time, location and level of need. Visit the ED Wait Times website to see current wait times of Vancouver, North Shore and Richmond emergency rooms.","83644798","17648975","6048227121","https://www.vch.ca/en/health-topics/emergency-care",,"Y",,"Mon 08:00 - 20:00; Tue 08:00 - 20:00; Wed 08:00 - 20:00; Thu 08:00 - 20:00; Fri 08:00 - 20:00; Sat 08:00 - 20:00; Sun 08:00 - 20:00; Open all statutory holidays","2211 Wesbrook Mall","","","","Vancouver","BC","V6T 2B5","49.264671","-123.244259","http://www.healthlinkbc.ca/find/resource.asp?First=1&org=53965&agencynum=17649851&SiteResourceAgencyNum=17648975"
"LD-1700","Emergency Room Care","17648936","Vancouver Coastal Health","17649905","Emergency Health Services - Vancouver","Provides a full range of basic and highly specialized emergency health care and trauma services to all of BC. The hospital is responsible for providing tertiary and major trauma care, including complex and unique trauma services for the province. The emergency department assess and treats patients aged 17 and over. Children aged 16 and under should go to BC Children's Hospital. Services are prioritized based on the severity of a patient's condition upon arrival.","80850625","17648978","","https://www.vch.ca/en/health-topics/emergency-care",,"Y",,"Open 24 hours, 7 days a week","899 West 12th Avenue","","","","Vancouver","BC","V5Z 1M9","49.260558","-123.124094","http://www.healthlinkbc.ca/find/resource.asp?First=1&org=53965&agencynum=17649905&SiteResourceAgencyNum=17648978"
"LD-1700","Emergency Room Care","17650682","Island Health","17651530","Emergency Health Services","Provides 24-hour emergency services for patients arriving at the hospital in need of immediate care because of a health crisis or urgent medical condition. Patients are seen by a doctor on a priority basis based on the severity of the patient's condition upon arrival. Operating hours may vary in rural communities that provide emergency care; individuals are encouraged to call ahead to confirm services will be available upon their arrival.","17651531","17650890","","https://www.islandhealth.ca/patients-visitors/visiting-emergency-department",,"Y",,"24 hours a day, 7 days a week","2750 Kingcome Place","","","","Port McNeill","BC","V0N 2R0","50.580260","-127.067379","http://www.healthlinkbc.ca/find/resource.asp?First=1&org=53965&agencynum=17651530&SiteResourceAgencyNum=17650890"
"LD-1700","Emergency Room Care","17650682","Island Health","17651530","Emergency Health Services","Provides 24-hour emergency services for patients arriving at the hospital in need of immediate care because of a health crisis or urgent medical condition. Patients are seen by a doctor on a priority basis based on the severity of the patient's condition upon arrival. Operating hours may vary in rural communities that provide emergency care; individuals are encouraged to call ahead to confirm services will be available upon their arrival.","17651532","17651090","","https://www.islandhealth.ca/patients-visitors/visiting-emergency-department",,"Y",,"24 hours a day, 7 days a week","9120 Granville Street","","","","Port Hardy","BC","V0N 2P0","50.720244","-127.503215","http://www.healthlinkbc.ca/find/resource.asp?First=1&org=53965&agencynum=17651530&SiteResourceAgencyNum=17651090"
"LD-1700","Emergency Room Care","17650682","Island Health","17651530","Emergency Health Services","Provides 24-hour emergency services for patients arriving at the hospital in need of immediate care because of a health crisis or urgent medical condition. Patients are seen by a doctor on a priority basis based on the severity of the patient's condition upon arrival. Operating hours may vary in rural communities that provide emergency care; individuals are encouraged to call ahead to confirm services will be available upon their arrival.","17651533","17650866","","https://www.islandhealth.ca/patients-visitors/visiting-emergency-department",,"Y",,"24 hours a day, 7 days a week","2166 Mount Newton Cross Road","","","","Saanichton","BC","V8M 2B2","48.594199","-123.411323","http://www.healthlinkbc.ca/find/resource.asp?First=1&org=53965&agencynum=17651530&SiteResourceAgencyNum=17650866"
"LD-1700","Emergency Room Care","17650682","Island Health","17651530","Emergency Health Services","Provides 24-hour emergency services for patients arriving at the hospital in need of immediate care because of a health crisis or urgent medical condition. Patients are seen by a doctor on a priority basis based on the severity of the patient's condition upon arrival. Operating hours may vary in rural communities that provide emergency care; individuals are encouraged to call ahead to confirm services will be available upon their arrival.","17651534","17650835","","https://www.islandhealth.ca/patients-visitors/visiting-emergency-department",,"Y",,"24 hours a day, 7 days a week","1952 Bay Street","","","","Victoria","BC","V8R 1J8","48.434061","-123.326541","http://www.healthlinkbc.ca/find/resource.asp?First=1&org=53965&agencynum=17651530&SiteResourceAgencyNum=17650835"
"LD-1700","Emergency Room Care","17650682","Island Health","17651530","Emergency Health Services","Provides 24-hour emergency services for patients arriving at the hospital in need of immediate care because of a health crisis or urgent medical condition. Patients are seen by a doctor on a priority basis based on the severity of the patient's condition upon arrival. Operating hours may vary in rural communities that provide emergency care; individuals are encouraged to call ahead to confirm services will be available upon their arrival.","17651535","17650856","","https://www.islandhealth.ca/patients-visitors/visiting-emergency-department",,"Y",,"24 hours a day, 7 days a week","375 2nd Avenue","","","","Campbell River","BC","V9W 3V1","50.011132","-125.243155","http://www.healthlinkbc.ca/find/resource.asp?First=1&org=53965&agencynum=17651530&SiteResourceAgencyNum=17650856"
"LD-1700","Emergency Room Care","17650682","Island Health","17651530","Emergency Health Services","Provides 24-hour emergency services for patients arriving at the hospital in need of immediate care because of a health crisis or urgent medical condition. Patients are seen by a doctor on a priority basis based on the severity of the patient's condition upon arrival. Operating hours may vary in rural communities that provide emergency care; individuals are encouraged to call ahead to confirm services will be available upon their arrival.","17651536","17650784","","https://www.islandhealth.ca/patients-visitors/visiting-emergency-department",,"Y",,"Open 24 hours a day, 7 days a week","1 Hospital Way","","","","Victoria","BC","V8Z 6R5","48.466809","-123.432576","http://www.healthlinkbc.ca/find/resource.asp?First=1&org=53965&agencynum=17651530&SiteResourceAgencyNum=17650784"
"LD-1700","Emergency Room Care","17650682","Island Health","17651530","Emergency Health Services","Provides 24-hour emergency services for patients arriving at the hospital in need of immediate care because of a health crisis or urgent medical condition. Patients are seen by a doctor on a priority basis based on the severity of the patient's condition upon arrival. Operating hours may vary in rural communities that provide emergency care; individuals are encouraged to call ahead to confirm services will be available upon their arrival.","17651537","17650858","","https://www.islandhealth.ca/patients-visitors/visiting-emergency-department",,"Y",,"24 hours a day, 7 days a week","3045 Gibbins Road","","","","Duncan","BC","V9L 1E5","48.785009","-123.723323","http://www.healthlinkbc.ca/find/resource.asp?First=1&org=53965&agencynum=17651530&SiteResourceAgencyNum=17650858"
"LD-1700","Emergency Room Care","17650682","Island Health","17651530","Emergency Health Services","Provides 24-hour emergency services for patients arriving at the hospital in need of immediate care because of a health crisis or urgent medical condition. Patients are seen by a doctor on a priority basis based on the severity of the patient's condition upon arrival. Operating hours may vary in rural communities that provide emergency care; individuals are encouraged to call ahead to confirm services will be available upon their arrival.","17651538","17650860","","https://www.islandhealth.ca/patients-visitors/visiting-emergency-department",,"Y",,"24 hours a day, 7 days a week","1200 Dufferin Crescent","","","","Nanaimo","BC","V9S 2B7","49.183502","-123.969945","http://www.healthlinkbc.ca/find/resource.asp?First=1&org=53965&agencynum=17651530&SiteResourceAgencyNum=17650860"
"LD-1700","Emergency Room Care","17650682","Island Health","17651530","Emergency Health Services","Provides 24-hour emergency services for patients arriving at the hospital in need of immediate care because of a health crisis or urgent medical condition. Patients are seen by a doctor on a priority basis based on the severity of the patient's condition upon arrival. Operating hours may vary in rural communities that provide emergency care; individuals are encouraged to call ahead to confirm services will be available upon their arrival.","17651539","17651030","","https://www.islandhealth.ca/patients-visitors/visiting-emergency-department",,"Y",,"24 hours a day, 7 days a week","261 Neill Street","","","","Tofino","BC","V0R 2Z0","49.151591","-125.908605","http://www.healthlinkbc.ca/find/resource.asp?First=1&org=53965&agencynum=17651530&SiteResourceAgencyNum=17651030"
"LD-1700","Emergency Room Care","17650682","Island Health","17651530","Emergency Health Services","Provides 24-hour emergency services for patients arriving at the hospital in need of immediate care because of a health crisis or urgent medical condition. Patients are seen by a doctor on a priority basis based on the severity of the patient's condition upon arrival. Operating hours may vary in rural communities that provide emergency care; individuals are encouraged to call ahead to confirm services will be available upon their arrival.","17651540","17650862","","https://www.islandhealth.ca/patients-visitors/visiting-emergency-department",,"Y",,"24 hours a day, 7 days a week","3949 Port Alberni Highway","","","","Port Alberni","BC","V9Y 4S1","49.248801","-124.781792","http://www.healthlinkbc.ca/find/resource.asp?First=1&org=53965&agencynum=17651530&SiteResourceAgencyNum=17650862"
"LD-1700","Emergency Room Care","17650682","Island Health","17651530","Emergency Health Services","Provides 24-hour emergency services for patients arriving at the hospital in need of immediate care because of a health crisis or urgent medical condition. Patients are seen by a doctor on a priority basis based on the severity of the patient's condition upon arrival. Operating hours may vary in rural communities that provide emergency care; individuals are encouraged to call ahead to confirm services will be available upon their arrival.","17651541","17650864","","https://www.islandhealth.ca/patients-visitors/visiting-emergency-department",,"Y",,"24 hours a day, 7 days a week","135 Crofton Road","","","","Salt Spring Island","BC","V8K 1T1","48.861445","-123.508599","http://www.healthlinkbc.ca/find/resource.asp?First=1&org=53965&agencynum=17651530&SiteResourceAgencyNum=17650864"
"LD-1700","Emergency Room Care","17650682","Island Health","17651530","Emergency Health Services","Provides 24-hour emergency services for patients arriving at the hospital in need of immediate care because of a health crisis or urgent medical condition. Patients are seen by a doctor on a priority basis based on the severity of the patient's condition upon arrival. Operating hours may vary in rural communities that provide emergency care; individuals are encouraged to call ahead to confirm services will be available upon their arrival.","17651542","17651079","","https://www.islandhealth.ca/patients-visitors/visiting-emergency-department",,"Y",,"24 hours a day, 7 days a week; call ahead to confirm.","1090 Marine Drive","","","","Port Alice","BC","V0N 2N0","50.425500","-127.487219","http://www.healthlinkbc.ca/find/resource.asp?First=1&org=53965&agencynum=17651530&SiteResourceAgencyNum=17651079"
"LD-1700","Emergency Room Care","17650682","Island Health","17651530","Emergency Health Services","Provides 24-hour emergency services for patients arriving at the hospital in need of immediate care because of a health crisis or urgent medical condition. Patients are seen by a doctor on a priority basis based on the severity of the patient's condition upon arrival. Operating hours may vary in rural communities that provide emergency care; individuals are encouraged to call ahead to confirm services will be available upon their arrival.","17651543","17650887","","https://www.islandhealth.ca/patients-visitors/visiting-emergency-department",,"Y",,"24 hours a day, 7 days a week","49 School Road","","","","Alert Bay","BC","V0N 1A0","50.583656","-126.926661","http://www.healthlinkbc.ca/find/resource.asp?First=1&org=53965&agencynum=17651530&SiteResourceAgencyNum=17650887"
"LD-1700","Emergency Room Care","17650682","Island Health","17651530","Emergency Health Services","Provides 24-hour emergency services for patients arriving at the hospital in need of immediate care because of a health crisis or urgent medical condition. Patients are seen by a doctor on a priority basis based on the severity of the patient's condition upon arrival. Operating hours may vary in rural communities that provide emergency care; individuals are encouraged to call ahead to confirm services will be available upon their arrival.","17651544","17650759","","https://www.islandhealth.ca/patients-visitors/visiting-emergency-department",,"Y",,"24 hours a day, 7 days a week; call ahead to confirm.","601 Trumpeter Drive","","","","Gold River","BC","V0P 1G0","49.781250","-126.048774","http://www.healthlinkbc.ca/find/resource.asp?First=1&org=53965&agencynum=17651530&SiteResourceAgencyNum=17650759"
"LD-1700","Emergency Room Care","17650682","Island Health","17651530","Emergency Health Services","Provides 24-hour emergency services for patients arriving at the hospital in need of immediate care because of a health crisis or urgent medical condition. Patients are seen by a doctor on a priority basis based on the severity of the patient's condition upon arrival. Operating hours may vary in rural communities that provide emergency care; individuals are encouraged to call ahead to confirm services will be available upon their arrival.","17651545","17650941","","https://www.islandhealth.ca/patients-visitors/visiting-emergency-department",,"Y",,"Mon 09:00 - 17:00; Tue 09:00 - 17:00; Wed 09:00 - 17:00; Thu 09:00 - 17:00; Fri 09:00 - 17:00; Call for after-hours availability","500 Parkway Drive","","","","Zeballos","BC","V0P 2A0","49.989011","-126.851068","http://www.healthlinkbc.ca/find/resource.asp?First=1&org=53965&agencynum=17651530&SiteResourceAgencyNum=17650941"
"LD-1700","Emergency Room Care","17650682","Island Health","17651530","Emergency Health Services","Provides 24-hour emergency services for patients arriving at the hospital in need of immediate care because of a health crisis or urgent medical condition. Patients are seen by a doctor on a priority basis based on the severity of the patient's condition upon arrival. Operating hours may vary in rural communities that provide emergency care; individuals are encouraged to call ahead to confirm services will be available upon their arrival.","17651546","17650761","","https://www.islandhealth.ca/patients-visitors/visiting-emergency-department",,"Y",,"Mon 09:00 - 16:30; Tue 09:00 - 16:30; Wed 09:00 - 16:30; Thu 09:00 - 16:30; Fri 09:00 - 16:30; Call for after-hours availability","1085 S Maquinna Drive","","","","Tahsis","BC","V0P 1X0","49.913388","-126.663244","http://www.healthlinkbc.ca/find/resource.asp?First=1&org=53965&agencynum=17651530&SiteResourceAgencyNum=17650761"
"LD-1700","Emergency Room Care","17650682","Island Health","17651530","Emergency Health Services","Provides 24-hour emergency services for patients arriving at the hospital in need of immediate care because of a health crisis or urgent medical condition. Patients are seen by a doctor on a priority basis based on the severity of the patient's condition upon arrival. Operating hours may vary in rural communities that provide emergency care; individuals are encouraged to call ahead to confirm services will be available upon their arrival.","55363068","55347959","","https://www.islandhealth.ca/patients-visitors/visiting-emergency-department",,"Y",,"24 hours a day, 7 days a week","101 Lerwick Road","","","","Courtenay","BC","V9N 0B9","49.712428","-124.969565","http://www.healthlinkbc.ca/find/resource.asp?First=1&org=53965&agencynum=17651530&SiteResourceAgencyNum=55347959"
"LD-1700","Emergency Room Care","17652139","Northern Health","17653135","Emergency Health Services","Provides 24-hour emergency services for patients arriving at the hospital in need of immediate care because of a health crisis or urgent medical condition. Patients are seen by a doctor on a priority basis based on the severity of the patient's condition upon arrival. Operating hours may vary in rural communities that provide emergency care; individuals are encouraged to call ahead to confirm services will be available upon their arrival.","17653136","17652353","2507748100","https://www.northernhealth.ca/find-a-facility/hospitals",,"Y",,"24 hours a day, 7 days a week","5315 Liard Street","","","","Fort Nelson","BC","V0C 1R0","58.809101","-122.703101","http://www.healthlinkbc.ca/find/resource.asp?First=1&org=53965&agencynum=17653135&SiteResourceAgencyNum=17652353"
"LD-1700","Emergency Room Care","17652139","Northern Health","17653135","Emergency Health Services","Provides 24-hour emergency services for patients arriving at the hospital in need of immediate care because of a health crisis or urgent medical condition. Patients are seen by a doctor on a priority basis based on the severity of the patient's condition upon arrival. Operating hours may vary in rural communities that provide emergency care; individuals are encouraged to call ahead to confirm services will be available upon their arrival.","17653137","17652162","","https://www.northernhealth.ca/find-a-facility/hospitals",,"Y",,"Mon 08:00 - 16:30; Tue 08:00 - 16:30; Wed 08:00 - 16:30; Thu 08:00 - 16:30; Fri 08:00 - 16:30; Nurse and doctor on-call after hours","220 Front Street","","","","Tumbler Ridge","BC","V0C 2W0","55.125373","-121.001980","http://www.healthlinkbc.ca/find/resource.asp?First=1&org=53965&agencynum=17653135&SiteResourceAgencyNum=17652162"
"LD-1700","Emergency Room Care","17652139","Northern Health","17653135","Emergency Health Services","Provides 24-hour emergency services for patients arriving at the hospital in need of immediate care because of a health crisis or urgent medical condition. Patients are seen by a doctor on a priority basis based on the severity of the patient's condition upon arrival. Operating hours may vary in rural communities that provide emergency care; individuals are encouraged to call ahead to confirm services will be available upon their arrival.","17653138","17652189","2507714444","https://www.northernhealth.ca/find-a-facility/hospitals",,"Y",,"Mon 08:30  - 16:30 ; Tue 08:30  - 16:30 ; Wed 08:30  - 16:30 ; Thu 08:30  - 16:30 ; Fri 08:30  - 16:30 ; Closed for lunch 12:00 - 13:00; call ahead for after-hours emergency care","48875 Highway 37","","","","Dease Lake","BC","V0C 1L0","58.441804","-129.992101","http://www.healthlinkbc.ca/find/resource.asp?First=1&org=53965&agencynum=17653135&SiteResourceAgencyNum=17652189"
"LD-1700","Emergency Room Care","17652139","Northern Health","17653135","Emergency Health Services","Provides 24-hour emergency services for patients arriving at the hospital in need of immediate care because of a health crisis or urgent medical condition. Patients are seen by a doctor on a priority basis based on the severity of the patient's condition upon arrival. Operating hours may vary in rural communities that provide emergency care; individuals are encouraged to call ahead to confirm services will be available upon their arrival.","17653139","17652183","2506362221","https://www.northernhealth.ca/find-a-facility/hospitals",,"Y",,"24 hours a day, 7 days a week","904 Brightwell Street","","","","Stewart","BC","V0T 1W0","55.939636","-129.990761","http://www.healthlinkbc.ca/find/resource.asp?First=1&org=53965&agencynum=17653135&SiteResourceAgencyNum=17652183"
"LD-1700","Emergency Room Care","17652139","Northern Health","17653135","Emergency Health Services","Provides 24-hour emergency services for patients arriving at the hospital in need of immediate care because of a health crisis or urgent medical condition. Patients are seen by a doctor on a priority basis based on the severity of the patient's condition upon arrival. Operating hours may vary in rural communities that provide emergency care; individuals are encouraged to call ahead to confirm services will be available upon their arrival.","17653140","17652340","2509968201","https://www.northernhealth.ca/find-a-facility/hospitals",,"Y",,"24 hours a day, 7 days a week","600 Stuart Drive E","","","","Fort St James","BC","V0J 1P0","54.442987","-124.245474","http://www.healthlinkbc.ca/find/resource.asp?First=1&org=53965&agencynum=17653135&SiteResourceAgencyNum=17652340"
"LD-1700","Emergency Room Care","17652139","Northern Health","17653135","Emergency Health Services","Provides 24-hour emergency services for patients arriving at the hospital in need of immediate care because of a health crisis or urgent medical condition. Patients are seen by a doctor on a priority basis based on the severity of the patient's condition upon arrival. Operating hours may vary in rural communities that provide emergency care; individuals are encouraged to call ahead to confirm services will be available upon their arrival.","17653141","17652193","2506996225","https://www.northernhealth.ca/find-a-facility/hospitals",,"Y",,"Mon 09:00 - 17:00; Tue 09:00 - 17:00; Wed 09:00 - 17:00; Thu 09:00 - 17:00; Fri 09:00 - 17:00;","130 Chowsunket Street","","","","Fraser Lake","BC","V0J 1S0","54.059109","-124.849774","http://www.healthlinkbc.ca/find/resource.asp?First=1&org=53965&agencynum=17653135&SiteResourceAgencyNum=17652193"
"LD-1700","Emergency Room Care","17652139","Northern Health","17653135","Emergency Health Services","Provides 24-hour emergency services for patients arriving at the hospital in need of immediate care because of a health crisis or urgent medical condition. Patients are seen by a doctor on a priority basis based on the severity of the patient's condition upon arrival. Operating hours may vary in rural communities that provide emergency care; individuals are encouraged to call ahead to confirm services will be available upon their arrival.","17653142","17652205","","https://www.northernhealth.ca/find-a-facility/hospitals",,"Y",,"Mon 08:45 - 16:30; Tue 08:45 - 16:30; Wed 08:45 - 16:30; Thu 08:45 - 16:30; Fri 08:45 - 16:30; Nurse and doctor on-call after hours","1445 5th Avenue","","","","Valemount","BC","V0E 2Z0","52.832060","-119.270254","http://www.healthlinkbc.ca/find/resource.asp?First=1&org=53965&agencynum=17653135&SiteResourceAgencyNum=17652205"
"LD-1700","Emergency Room Care","17652139","Northern Health","17653135","Emergency Health Services","Provides 24-hour emergency services for patients arriving at the hospital in need of immediate care because of a health crisis or urgent medical condition. Patients are seen by a doctor on a priority basis based on the severity of the patient's condition upon arrival. Operating hours may vary in rural communities that provide emergency care; individuals are encouraged to call ahead to confirm services will be available upon their arrival.","17653143","17652667","2506922400","https://www.northernhealth.ca/find-a-facility/hospitals",,"Y",,"24 hours a day, 7 days a week","741 Centre Street","","","","Burns Lake","BC","V0J 1E0","54.235568","-125.760016","http://www.healthlinkbc.ca/find/resource.asp?First=1&org=53965&agencynum=17653135&SiteResourceAgencyNum=17652667"
"LD-1700","Emergency Room Care","17652139","Northern Health","17653135","Emergency Health Services","Provides 24-hour emergency services for patients arriving at the hospital in need of immediate care because of a health crisis or urgent medical condition. Patients are seen by a doctor on a priority basis based on the severity of the patient's condition upon arrival. Operating hours may vary in rural communities that provide emergency care; individuals are encouraged to call ahead to confirm services will be available upon their arrival.","17653144","17652147","2506322121","https://www.northernhealth.ca/find-a-facility/hospitals",,"Y",,"24 hours a day, 7 days a week","920 S Lahakas Blvd","","","","Kitimat","BC","V8C 2S3","54.050409","-128.647481","http://www.healthlinkbc.ca/find/resource.asp?First=1&org=53965&agencynum=17653135&SiteResourceAgencyNum=17652147"
"LD-1700","Emergency Room Care","17652139","Northern Health","17653135","Emergency Health Services","Provides 24-hour emergency services for patients arriving at the hospital in need of immediate care because of a health crisis or urgent medical condition. Patients are seen by a doctor on a priority basis based on the severity of the patient's condition upon arrival. Operating hours may vary in rural communities that provide emergency care; individuals are encouraged to call ahead to confirm services will be available upon their arrival.","17653145","17652898","2506352211","https://www.northernhealth.ca/find-a-facility/hospitals",,"Y",,"24 hours a day, 7 days a week","4720 Haugland Avenue","","","","Terrace","BC","V8G 2W7","54.510843","-128.596516","http://www.healthlinkbc.ca/find/resource.asp?First=1&org=53965&agencynum=17653135&SiteResourceAgencyNum=17652898"
"LD-1700","Emergency Room Care","17652139","Northern Health","17653135","Emergency Health Services","Provides 24-hour emergency services for patients arriving at the hospital in need of immediate care because of a health crisis or urgent medical condition. Patients are seen by a doctor on a priority basis based on the severity of the patient's condition upon arrival. Operating hours may vary in rural communities that provide emergency care; individuals are encouraged to call ahead to confirm services will be available upon their arrival.","17653146","17652145","2505652000","https://www.northernhealth.ca/find-a-facility/hospitals",,"Y",,"24 hours a day, 7 days a week","1475 Edmonton Street","","","","Prince George","BC","V2M 1S2","53.911251","-122.763153","http://www.healthlinkbc.ca/find/resource.asp?First=1&org=53965&agencynum=17653135&SiteResourceAgencyNum=17652145"
"LD-1700","Emergency Room Care","17652139","Northern Health","17653135","Emergency Health Services","Provides 24-hour emergency services for patients arriving at the hospital in need of immediate care because of a health crisis or urgent medical condition. Patients are seen by a doctor on a priority basis based on the severity of the patient's condition upon arrival. Operating hours may vary in rural communities that provide emergency care; individuals are encouraged to call ahead to confirm services will be available upon their arrival.","17653147","17652267","","https://www.northernhealth.ca/find-a-facility/hospitals",,"Y",,"24 hours a day, 7 days a week staffed by registered nurses; physician on-call after-hours","2520 Harrison Avenue","","","","Masset","BC","V0T 1M0","54.012317","-132.151708","http://www.healthlinkbc.ca/find/resource.asp?First=1&org=53965&agencynum=17653135&SiteResourceAgencyNum=17652267"
"LD-1700","Emergency Room Care","17652139","Northern Health","17653135","Emergency Health Services","Provides 24-hour emergency services for patients arriving at the hospital in need of immediate care because of a health crisis or urgent medical condition. Patients are seen by a doctor on a priority basis based on the severity of the patient's condition upon arrival. Operating hours may vary in rural communities that provide emergency care; individuals are encouraged to call ahead to confirm services will be available upon their arrival.","17653148","17652557","2505594900","https://www.northernhealth.ca/find-a-facility/hospitals",,"Y",,"24 hours a day, 7 days a week","3209 Oceanview Drive","","","","Daajing Giids","BC","V0T 1S0","53.254868","-132.070526","http://www.healthlinkbc.ca/find/resource.asp?First=1&org=53965&agencynum=17653135&SiteResourceAgencyNum=17652557"
"LD-1700","Emergency Room Care","17652139","Northern Health","17653135","Emergency Health Services","Provides 24-hour emergency services for patients arriving at the hospital in need of immediate care because of a health crisis or urgent medical condition. Patients are seen by a doctor on a priority basis based on the severity of the patient's condition upon arrival. Operating hours may vary in rural communities that provide emergency care; individuals are encouraged to call ahead to confirm services will be available upon their arrival.","17653149","17652292","2508472611","https://www.northernhealth.ca/find-a-facility/hospitals",,"Y",,"24 hours a day, 7 days a week","3950 8th Avenue","","","","Smithers","BC","V0J 2N0","54.784976","-127.163822","http://www.healthlinkbc.ca/find/resource.asp?First=1&org=53965&agencynum=17653135&SiteResourceAgencyNum=17652292"
"LD-1700","Emergency Room Care","17652139","Northern Health","17653135","Emergency Health Services","Provides 24-hour emergency services for patients arriving at the hospital in need of immediate care because of a health crisis or urgent medical condition. Patients are seen by a doctor on a priority basis based on the severity of the patient's condition upon arrival. Operating hours may vary in rural communities that provide emergency care; individuals are encouraged to call ahead to confirm services will be available upon their arrival.","17653150","17652305","2506517677","https://www.northernhealth.ca/find-a-facility/hospitals",,"Y",,"Mon 09:00 - 16:30; Tue 09:00 - 16:30; Wed 09:00 - 16:30; Thu 09:00 - 16:30; Fri 09:00 - 16:30; On-call nurse available for after-hours emergencies; closed for lunch 12:00 - 13:00","188 Discovery Avenue","","","","Atlin","BC","V0W 1A0","59.574828","-133.704315","http://www.healthlinkbc.ca/find/resource.asp?First=1&org=53965&agencynum=17653135&SiteResourceAgencyNum=17652305"
"LD-1700","Emergency Room Care","17652139","Northern Health","17653135","Emergency Health Services","Provides 24-hour emergency services for patients arriving at the hospital in need of immediate care because of a health crisis or urgent medical condition. Patients are seen by a doctor on a priority basis based on the severity of the patient's condition upon arrival. Operating hours may vary in rural communities that provide emergency care; individuals are encouraged to call ahead to confirm services will be available upon their arrival.","17653151","17652365","2509973263","https://www.northernhealth.ca/find-a-facility/hospitals",,"Y",,"24 hours a day, 7 days a week","45 Centennial Drive","","","","Mackenzie","BC","V0J 2C0","55.338120","-123.101288","http://www.healthlinkbc.ca/find/resource.asp?First=1&org=53965&agencynum=17653135&SiteResourceAgencyNum=17652365"
"LD-1700","Emergency Room Care","17652139","Northern Health","17653135","Emergency Health Services","Provides 24-hour emergency services for patients arriving at the hospital in need of immediate care because of a health crisis or urgent medical condition. Patients are seen by a doctor on a priority basis based on the severity of the patient's condition upon arrival. Operating hours may vary in rural communities that provide emergency care; individuals are encouraged to call ahead to confirm services will be available upon their arrival.","17653152","17652295","2505692251","https://www.northernhealth.ca/find-a-facility/hospitals",,"Y",,"24 hours a day, 7 days a week","1136 5th Avenue","","","","McBride","BC","V0J 2E0","53.300909","-120.163080","http://www.healthlinkbc.ca/find/resource.asp?First=1&org=53965&agencynum=17653135&SiteResourceAgencyNum=17652295"
"LD-1700","Emergency Room Care","17652139","Northern Health","17653135","Emergency Health Services","Provides 24-hour emergency services for patients arriving at the hospital in need of immediate care because of a health crisis or urgent medical condition. Patients are seen by a doctor on a priority basis based on the severity of the patient's condition upon arrival. Operating hours may vary in rural communities that provide emergency care; individuals are encouraged to call ahead to confirm services will be available upon their arrival.","17653153","17652143","2507828501","https://www.northernhealth.ca/find-a-facility/hospitals",,"Y",,"24 hours a day, 7 days a week","11100 13th Street","","","","Dawson Creek","BC","V1G 3W8","55.749057","-120.237333","http://www.healthlinkbc.ca/find/resource.asp?First=1&org=53965&agencynum=17653135&SiteResourceAgencyNum=17652143"
"LD-1700","Emergency Room Care","17652139","Northern Health","17653135","Emergency Health Services","Provides 24-hour emergency services for patients arriving at the hospital in need of immediate care because of a health crisis or urgent medical condition. Patients are seen by a doctor on a priority basis based on the severity of the patient's condition upon arrival. Operating hours may vary in rural communities that provide emergency care; individuals are encouraged to call ahead to confirm services will be available upon their arrival.","17653154","17652606","2502625200","https://www.northernhealth.ca/find-a-facility/hospitals",,"Y",,"24 hours a day, 7 days a week","8407 112th Avenue","","","","Fort St John","BC","V1J 0J5","56.256892","-120.817122","http://www.healthlinkbc.ca/find/resource.asp?First=1&org=53965&agencynum=17653135&SiteResourceAgencyNum=17652606"
"LD-1700","Emergency Room Care","17652139","Northern Health","17653135","Emergency Health Services","Provides 24-hour emergency services for patients arriving at the hospital in need of immediate care because of a health crisis or urgent medical condition. Patients are seen by a doctor on a priority basis based on the severity of the patient's condition upon arrival. Operating hours may vary in rural communities that provide emergency care; individuals are encouraged to call ahead to confirm services will be available upon their arrival.","17653155","17652672","2505672211","https://www.northernhealth.ca/find-a-facility/hospitals",,"Y",,"24 hours a day, 7 days a week","3255 Hospital Road","","","","Vanderhoof","BC","V0J 3A2","54.028760","-124.008821","http://www.healthlinkbc.ca/find/resource.asp?First=1&org=53965&agencynum=17653135&SiteResourceAgencyNum=17652672"
"LD-1700","Emergency Room Care","17652139","Northern Health","17653135","Emergency Health Services","Provides 24-hour emergency services for patients arriving at the hospital in need of immediate care because of a health crisis or urgent medical condition. Patients are seen by a doctor on a priority basis based on the severity of the patient's condition upon arrival. Operating hours may vary in rural communities that provide emergency care; individuals are encouraged to call ahead to confirm services will be available upon their arrival.","17653156","17652141","2509855600","https://www.northernhealth.ca/find-a-facility/hospitals",,"Y",,"24 hours a day, 7 days a week","543 Front Street","","","","Quesnel","BC","V2J 2K7","52.981739","-122.498817","http://www.healthlinkbc.ca/find/resource.asp?First=1&org=53965&agencynum=17653135&SiteResourceAgencyNum=17652141"
"LD-1700","Emergency Room Care","17652139","Northern Health","17653135","Emergency Health Services","Provides 24-hour emergency services for patients arriving at the hospital in need of immediate care because of a health crisis or urgent medical condition. Patients are seen by a doctor on a priority basis based on the severity of the patient's condition upon arrival. Operating hours may vary in rural communities that provide emergency care; individuals are encouraged to call ahead to confirm services will be available upon their arrival.","17653157","17652355","2508425211","https://www.northernhealth.ca/find-a-facility/hospitals",,"Y",,"24 hours a day, 7 days a week","2510 Highway 62","","","","Hazelton","BC","V0J 1Y1","55.259655","-127.651295","http://www.healthlinkbc.ca/find/resource.asp?First=1&org=53965&agencynum=17653135&SiteResourceAgencyNum=17652355"
"LD-1700","Emergency Room Care","17652139","Northern Health","17653135","Emergency Health Services","Provides 24-hour emergency services for patients arriving at the hospital in need of immediate care because of a health crisis or urgent medical condition. Patients are seen by a doctor on a priority basis based on the severity of the patient's condition upon arrival. Operating hours may vary in rural communities that provide emergency care; individuals are encouraged to call ahead to confirm services will be available upon their arrival.","17653158","17652178","","https://www.northernhealth.ca/find-a-facility/hospitals",,"Y",,"Service only available when doctor is on-site; call ahead before going to the hospital.","10309 Kyllo Street","","","","Hudson's Hope","BC","V0C 1V0","56.026604","-121.914866","http://www.healthlinkbc.ca/find/resource.asp?First=1&org=53965&agencynum=17653135&SiteResourceAgencyNum=17652178"
"LD-1700","Emergency Room Care","17652139","Northern Health","17653135","Emergency Health Services","Provides 24-hour emergency services for patients arriving at the hospital in need of immediate care because of a health crisis or urgent medical condition. Patients are seen by a doctor on a priority basis based on the severity of the patient's condition upon arrival. Operating hours may vary in rural communities that provide emergency care; individuals are encouraged to call ahead to confirm services will be available upon their arrival.","17653159","17652362","2507882236","https://www.northernhealth.ca/find-a-facility/hospitals",,"Y",,"24 hours a day, 7 days a week","5500 Hospital Road","","","","Chetwynd","BC","V0C 1J0","55.695973","-121.646320","http://www.healthlinkbc.ca/find/resource.asp?First=1&org=53965&agencynum=17653135&SiteResourceAgencyNum=17652362"
"LD-1700","Emergency Room Care","17652139","Northern Health","17653135","Emergency Health Services","Provides 24-hour emergency services for patients arriving at the hospital in need of immediate care because of a health crisis or urgent medical condition. Patients are seen by a doctor on a priority basis based on the severity of the patient's condition upon arrival. Operating hours may vary in rural communities that provide emergency care; individuals are encouraged to call ahead to confirm services will be available upon their arrival.","17653160","17652308","2506242171","https://www.northernhealth.ca/find-a-facility/hospitals",,"N",,"24 hours a day, 7 days a week","1305 Summit Avenue","","","","Prince Rupert","BC","V8J 2A6","54.304265","-130.332179","http://www.healthlinkbc.ca/find/resource.asp?First=1&org=53965&agencynum=17653135&SiteResourceAgencyNum=17652308"
"LD-1700","Emergency Room Care","17654593","Providence Health Care Society","17654692","Emergency Health Services","Provides emergency health care services for Vancouver's downtown city centre and East Vancouver residents at two acute care hospitals. Services are prioritized based on the severity of a patient's condition upon arrival. St. Paul's Emergency Department specializes in complex and multiple diagnosis, surgery, internal medicine and speciality medicine. Mount Saint Joseph's Emergency Department offers full primary and secondary health services as well as providing specific multicultural services. Children are seen at this site, although there is no children's inpatient unit.","17654693","17654607","","https://www.providencehealthcare.org/hospitals-residences/st-pauls-hospital/emergency-services",,"Y","Translation services available","24 hours a day, 7 days a week","1081 Burrard Street","","","","Vancouver","BC","V6Z 1Y6","49.280614","-123.128913","http://www.healthlinkbc.ca/find/resource.asp?First=1&org=53965&agencynum=17654692&SiteResourceAgencyNum=17654607"
"LD-1700","Emergency Room Care","17654593","Providence Health Care Society","17654692","Emergency Health Services","Provides emergency health care services for Vancouver's downtown city centre and East Vancouver residents at two acute care hospitals. Services are prioritized based on the severity of a patient's condition upon arrival. St. Paul's Emergency Department specializes in complex and multiple diagnosis, surgery, internal medicine and speciality medicine. Mount Saint Joseph's Emergency Department offers full primary and secondary health services as well as providing specific multicultural services. Children are seen at this site, although there is no children's inpatient unit.","17654694","17654602","","https://www.providencehealthcare.org/hospitals-residences/mount-saint-joseph-hospital/emergency-services",,"Y","Translation services available","Mon 08:00 - 20:00; Tue 08:00 - 20:00; Wed 08:00 - 20:00; Thu 08:00 - 20:00; Fri 08:00 - 20:00; Sat 08:00 - 20:00; Sun 08:00 - 20:00;","3080 Prince Edward Street","","","","Vancouver","BC","V5T 3N4","49.257699","-123.096358","http://www.healthlinkbc.ca/find/resource.asp?First=1&org=53965&agencynum=17654692&SiteResourceAgencyNum=17654602"
